,Country Name,Time,Country Code,Access to electricity (% of population) [EG.ELC.ACCS.ZS],Adjusted net national income per capita (current US$) [NY.ADJ.NNTY.PC.CD],Age dependency ratio (% of working-age population) [SP.POP.DPND],"Cause of death, by communicable diseases and maternal, prenatal and nutrition conditions (% of total) [SH.DTH.COMM.ZS]",Current health expenditure per capita (current US$) [SH.XPD.CHEX.PC.CD],"Fertility rate, total (births per woman) [SP.DYN.TFRT.IN]",Fixed broadband subscriptions (per 100 people) [IT.NET.BBND.P2],Fixed telephone subscriptions (per 100 people) [IT.MLT.MAIN.P2],GDP per capita (constant 2010 US$) [NY.GDP.PCAP.KD],"GNI per capita, Atlas method (current US$) [NY.GNP.PCAP.CD]",Individuals using the Internet (% of population) [IT.NET.USER.ZS],Lifetime risk of maternal death (%) [SH.MMR.RISK.ZS],People using at least basic drinking water services (% of population) [SH.H2O.BASW.ZS],"People using at least basic drinking water services, rural (% of rural population) [SH.H2O.BASW.RU.ZS]","People using at least basic drinking water services, urban (% of urban population) [SH.H2O.BASW.UR.ZS]","People using at least basic sanitation services, urban (% of urban population) [SH.STA.BASS.UR.ZS]",Prevalence of anemia among children (% of children under 5) [SH.ANM.CHLD.ZS],Secure Internet servers (per 1 million people) [IT.NET.SECR.P6],"Self-employed, female (% of female employment) (modeled ILO estimate) [SL.EMP.SELF.FE.ZS]","Wage and salaried workers, female (% of female employment) (modeled ILO estimate) [SL.EMP.WORK.FE.ZS]",Life expectancy at birth (years)
0,Afghanistan,2016,AFG,97.7,465.8415828,87.94179015,36.4,61.45128632,4.8,0.024873504,0.322730963,571.0737745,570,11.2,3.330913861,64.28648363,54.84053165,92.59413481,59.9219787,46.4,12.03963652,93.58699799,6.413000107,Low
3,Angola,2016,AGO,40.62452698,1949.11468,97.29458812,63.4,95.22080231,5.686,0.293747187,1.055709859,3530.309423,3770,13,1.501205426,55.08427629,27.07967323,70.73522869,63.33675598,50.9,8.321058616,82.67299652,17.32699966,Low
1,Albania,2016,ALB,100,3776.111694,45.64503371,2.9,..,1.659,9.228640975,8.614077281,4681.840039,4320,66.3634447,0.027187058,91.02037015,89.87517388,91.8354214,98.28801438,24.9,144.6402612,56.6230011,43.3769989,High
172,United Arab Emirates,2016,ARE,100,35465.40518,18.16490433,6.5,1310.923096,1.491,13.86163628,24.41847969,41045.11112,40570,90.60000732,0.005711886,97.40736883,..,..,..,27.2,938.6837703,1.307999969,98.69200134,High
5,Argentina,2016,ARG,99.9668808,11006.02931,56.10227058,15.9,959.2915649,2.288,16.60166322,23.36292528,10239.48135,12220,70.96898082,0.095582587,99.07837465,92.98366005,99.63532288,95.85623215,22.2,735.0247651,20.79500008,79.20500183,High
6,Armenia,2016,ARM,100,3084.605658,45.43115767,2.8,358.8421021,1.744,10.18921762,18.10620259,3917.379676,3760,64.34602977,0.050547865,99.89853557,100,99.83915471,99.58759699,31.5,189.7044629,40.95800018,59.04199982,Medium
4,Antigua and Barbuda,2016,ATG,100,..,44.44172792,11.9,632.175354,2.003,9.7972008,23.80695463,13917.95112,13460,73,0.083550562,96.73918628,..,..,..,32.3,804.0030891,..,..,Medium
7,Australia,2016,AUS,100,38660.73451,51.72993235,4.6,4999.810547,1.752,30.39231558,34.95075077,55728.68446,54140,86.54,0.012334616,99.96997202,100,99.965,..,13.9,9810.215053,12.59399986,87.40599823,High
8,Austria,2016,AUT,100,37002.0496,49.43171196,2.6,4718.944336,1.53,28.84661223,40.78057906,48259.9376,46220,84.32374257,0.007393349,100,100,100,99.95650379,12.6,4449.980244,10.03999996,89.95999908,High
9,Azerbaijan,2016,AZE,100,2994.07077,40.79124821,8.8,259.4368591,1.9,18.52561662,17.46328565,5812.584374,4760,78.2,0.060127104,90.71031547,80.42725498,99.116593,96.44327863,23.9,101.8670989,72.71299744,27.28700066,Medium
26,Burundi,2016,BDI,9.298458099,202.2957975,91.19374704,55.8,22.33998299,5.599,0.037614434,0.186308251,219.9614978,270,5.173626777,3.137941556,60.20415203,56.08737963,89.31931949,41.90187139,47.3,1.525553304,96.86299896,3.137000084,Low
15,Belgium,2016,BEL,100,33605.86599,54.77135163,7.9,4278.771484,1.68,37.60922178,38.49650621,45957.68211,43440,86.51647666,0.009536222,99.99999866,100,100,99.48612539,12.6,3047.27862,10.62199974,89.37799835,High
17,Benin,2016,BEN,41.61823273,656.90022,85.53458615,54.1,30.40147591,4.977,0.20509447,1.148659643,838.0335784,820,11.99404791,2.124416888,66.32023997,58.2163994,75.74617558,26.50506959,62.1,2.483428404,95.11299896,4.887000084,Low
25,Burkina Faso,2016,BFA,23.65287399,414.3358957,91.56125413,56.3,40.95466232,5.353,0.066415118,0.406122225,663.8474288,600,13.96,1.829265196,48.26771688,36.04523782,79.48903443,40.13079418,86.2,1.823410423,90.68699646,9.312999725,Low
12,Bangladesh,2016,BGD,75.92,1352.190196,51.26001981,25.6,33.52619171,2.09,4.173005954,0.48499608,1062.040158,1370,18.02,0.429953378,96.88253034,96.55995877,97.4794114,49.99802191,40.3,23.61828297,72.01799774,27.98200035,Medium
24,Bulgaria,2016,BGR,100,6334.059669,53.24666194,2.2,612.4785767,1.54,23.73603406,20.67931654,7966.882009,7580,59.82554766,0.014928748,99.14817534,98.14527841,99.49454343,86.7803838,26.9,4043.451141,8.927000046,91.07299805,Medium
11,Bahrain,2016,BHR,100,19133.21509,29.4204093,6.9,1099.362305,2.033,16.29866067,19.62866954,22336.77993,21610,97.9999807,0.034427671,100,..,..,..,30.1,346.474343,3.118000031,96.88200378,High
10,"Bahamas, The",2016,BHS,100,27169.17566,43.32397891,16.9,1837.258789,1.771,22.52480618,32.03979573,27370.20254,28910,80,0.125916474,98.8869605,..,..,..,29.5,1053.102286,8.201999664,91.79799652,High
20,Bosnia and Herzegovina,2016,BIH,100,4293.525517,42.85635336,1.8,443.7765503,1.286,19.56337748,22.00036855,5595.09967,5130,60.25653543,0.012457226,96.1512618,97.33333333,94.8457044,98.86717837,28,188.4080611,23.93499947,76.06500244,High
14,Belarus,2016,BLR,100,4339.742886,44.78042641,2.5,297.5429993,1.733,32.47559748,47.80386047,6372.401795,5620,71.11304576,0.004468557,96.47418366,98.27086254,95.9573702,98.20183515,25.4,438.9817476,2.226999998,97.77300262,Medium
16,Belize,2016,BLZ,97.00158691,3868.284571,56.33354551,19.4,300.1517334,2.391,4.987513572,6.080347448,4227.291321,4330,44.57574032,0.104718454,97.58453954,96.43379657,98.96318,92.55036639,22.5,1517.372421,34.95199966,65.04799652,Medium
19,Bolivia,2016,BOL,91.8,2509.292526,63.62346387,22.4,213.017334,2.829,2.606905809,7.862224653,2425.56159,3040,39.6975146,0.48331659,92.1768992,76.764803,99.18630828,69.78606146,46.9,37.89041747,70.52200317,29.47800064,Medium
22,Brazil,2016,BRA,99.7,7405.912556,43.57751289,13.9,795.6615601,1.747,13.02890048,20.37413949,10962.62678,8930,60.87254007,0.111558308,97.84798562,87.86669905,99.46718192,92.08271277,25.1,410.044364,25.39500046,74.60500336,High
13,Barbados,2016,BRB,100,13453.02589,49.23995175,13,1163.775024,1.613,30.4017551,48.88626853,16173.8682,14880,79.54939789,0.046849621,98.48444616,..,..,..,31.9,643.8158687,11.81099987,88.18900299,High
23,Brunei Darussalam,2016,BRN,100,24338.80432,39.24499889,7.8,686.4823608,1.915,8.604097189,17.67818009,31685.22545,33160,90,0.06090028,99.90000909,..,..,..,16.1,612.1962839,7.955999851,92.04399872,High
18,Bhutan,2016,BTN,99.77463531,2445.936476,48.33535018,20.9,91.33533478,2.014,2.23820021,2.861513653,2970.766506,2650,41.77264453,0.425597732,97.20762543,96.73119365,97.93955252,72.68628733,43.5,36.64947761,84.5530014,15.44699955,Medium
21,Botswana,2016,BWA,60.58835983,5477.276886,63.05635933,46,386.631958,2.942,2.734212777,6.5799446,7797.144122,6880,39.36299738,0.479710684,89.40444008,73.70720544,96.81414509,88.44734426,40.4,50.92724626,31.6989994,68.3010025,Low
31,Central African Republic,2016,CAF,27.12771225,302.9212222,91.52540799,63.7,16.36043549,4.87,0.016219721,0.043281972,359.2495719,410,4,4.410273959,46.33375843,33.74616311,64.73635351,49.10019667,71.9,0.220376593,96.27999878,3.720000029,Low
30,Canada,2016,CAN,100,34201.63935,47.82631443,5.6,4518.13623,1.5433,36.79332821,41.65556256,50263.83433,43880,91.16,0.016605246,99.41262381,98.82659534,99.54741753,99.44724438,9.4,10221.44125,11.73799992,88.26200104,High
158,Switzerland,2016,CHE,100,64069.58576,49.39077501,4.3,9835.963867,1.54,45.05910977,45.01888265,77026.30219,82110,89.13468774,0.008182971,100,100,100,99.8998999,12.9,17196.72608,13.00199986,86.9980011,High
33,Chile,2016,CHL,100,10755.31922,45.30184992,8.1,1190.548584,1.713,15.95128317,18.53492447,14771.25765,13420,83.55858602,0.023301792,99.62218018,98.3252178,99.80878307,100,20,1237.18578,25.9829998,74.01699829,High
34,China,2016,CHN,100,6163.984514,38.4988746,3.8,398.3315735,1.675,22.81370164,14.61221985,6883.895425,8210,53.2,0.04802765,92.30404657,85.18031733,97.73624126,90.01445503,21.4,47.91156662,52.06399918,47.93600082,High
40,Cote d'Ivoire,2016,CIV,64.3,1402.275379,82.48673196,52.4,67.57069397,4.759,0.572478854,1.213581291,1539.315802,1490,41.20781493,3.030849852,72.76204674,57.70550248,87.89043138,45.57656155,73.4,6.044651336,86.23200226,13.76799965,Low
29,Cameroon,2016,CMR,60.10734558,1147.242862,84.4851599,53.9,65.1211853,4.708,0.192146373,4.3929148,1467.760752,1380,23.20297197,2.61579093,60.15572037,39.01202163,77.33040017,55.947277,62.5,2.800237845,86.04499817,13.95499992,Low
37,"Congo, Dem. Rep.",2016,COD,17.97540092,362.3952148,97.4976527,61.7,20.60371971,6.112,0.001269211,0,407.2896431,470,6.20997406,3.028550436,42.97676739,22.8307623,69.34981467,23.3823009,63.2,0.634605331,91.49700165,8.503000259,Low
38,"Congo, Rep.",2016,COG,61.73005295,1075.335386,80.77069083,55.5,52.94798279,4.536,..,0.341297202,2851.975419,1820,8.121949323,1.846028943,72.18665642,43.53979946,86.94347015,26.41098997,64.3,4.617547604,91.18000031,8.819999695,Low
35,Colombia,2016,COL,98.4,4894.237567,47.02002357,10.1,419.3352051,1.843,12.27392136,14.7710977,7626.002946,6460,58.13649357,0.162509685,96.96180582,85.54560676,99.79661629,92.07851501,26.6,320.0032085,49.3370018,50.6629982,High
36,Comoros,2016,COM,77.42182159,1201.964493,75.13405947,47.4,57.54027176,4.347,0.205381653,1.640162294,1365.34274,1320,7.938322771,1.252147097,80.1488535,76.91172345,88.22284558,45.23662961,48.1,59.07550604,82.45400238,17.54599953,Low
27,Cabo Verde,2016,CPV,90.64518738,2317.6488,51.67842732,19.5,149.2765198,2.346,2.925937501,12.18572671,3532.140211,3130,50.32281787,0.155770556,86.48798699,74.32440906,93.1,78.77972913,55.1,112.9632907,49.88800049,50.11199951,Medium
39,Costa Rica,2016,CRI,99.5,10406.80915,44.54225461,6.4,886.5013428,1.789,13.04433552,17.11138938,9509.738189,10770,65.88044919,0.052628983,99.69976372,99.53438,99.74713,98.22212254,28.7,489.8613998,19.21999931,80.77999878,High
42,Cuba,2016,CUB,99.64740753,..,44.84759011,8.4,972.7585449,1.656,0.127285996,11.66290137,6550.274373,7480,42.97867519,0.056661791,95.32452339,90.30722875,96.82912204,92.21689641,29.3,2.8230871,12.87100029,87.1289978,High
43,Cyprus,2016,CYP,100,20331.4779,42.85014972,4.1,1636.821045,1.345,32.57873187,37.50269069,29643.82795,24700,75.9002054,0.009355125,99.61319936,99.74602096,99.54742703,99.54946304,17.5,4550.55474,10.33100033,89.66899872,High
44,Czech Republic,2016,CZE,100,13355.25137,50.89273244,5.4,1321.620239,1.63,28.91055035,16.56101029,21863.64165,17590,76.4811987,0.00602772,99.88016949,99.8175993,99.90265093,99.09274194,25.8,11991.38925,13.22999954,86.76999664,High
62,Germany,2016,DEU,100,35796.37979,52.91457287,4.8,4734.183105,1.59,38.76437445,55.1136675,45959.57461,44290,84.16520664,0.007432008,100,100,100,99.29364279,12.4,11624.9602,7.650000095,92.34999847,High
46,Djibouti,2016,DJI,58.65936661,1469.403616,53.18812168,45.2,75.14893341,2.846,2.61270977,2.682669043,..,2890,13.13491511,0.701171773,75.60251275,47.50694801,83.74619344,74.95803689,42,11.83926157,56.25099945,43.74900055,Low
45,Denmark,2016,DNK,100,45928.16138,56.29815239,6.5,5565.59375,1.79,43.09670097,27.26327878,61877.97648,57880,96.96778525,0.006749066,99.99999893,100,100,99.59718026,12.7,24041.33373,5.943999767,94.05599976,High
47,Dominican Republic,2016,DOM,98.9,6243.745052,54.37523106,15.8,414.2970886,2.387,7.379997251,12.93637724,7026.179709,6860,63.87086474,0.246681985,96.5763681,90.03748691,98.26911883,86.15224001,28,93.28947638,31.18899918,68.81099701,Medium
2,Algeria,2016,DZA,99.9923172,3284.470252,54.18401383,14.8,260.4223938,3.052,7.051711073,8.396034839,4830.116707,4370,42.94552688,0.371412332,93.51585098,88.69095651,95.44293244,89.67236867,30,7.619958115,25.64599991,74.35399628,High
48,Ecuador,2016,ECU,98.7,4995.335753,54.96843707,15.1,505.9983521,2.475,8.861838095,14.8663256,5176.058803,5810,54.06292473,0.162803769,93.68204774,82.6743946,100,90.56502144,27.7,120.5497627,57.32500076,42.67499924,High
49,"Egypt, Arab Rep.",2016,EGY,100,3209.408534,63.3774856,10.2,151.4685059,3.41,4.731924302,6.477966766,2761.386198,3460,41.24806709,0.142537776,99.03285678,98.69165453,99.49012472,98.1106816,31.7,14.69606173,33.88299942,66.11699677,Medium
52,Eritrea,2016,ERI,47.15074921,..,..,42.9,29.37417793,4.164,0.01776958,1.957200782,..,..,1.17711872,2.282852226,51.84971842,27.80157647,89.73822453,21.99299713,56.6,..,93.23200226,6.768000126,Low
151,Spain,2016,ESP,100,22018.81966,50.77482505,5.1,2390.631104,1.34,30.26250082,41.78856306,31449.61772,27530,80.56133294,0.004869382,99.92650556,100,99.90794521,99.88011564,13.1,2762.589077,12.71500015,87.28500366,High
53,Estonia,2016,EST,100,14834.53555,54.2943717,2.8,1185.297119,1.6,30.1247237,28.14934942,18081.52887,18260,87.24023275,0.017563075,99.71165403,99.18949704,99.95106955,99.04753322,26,10786.67569,6.802000046,93.19799805,High
55,Ethiopia,2016,ETH,42.9,525.2034505,82.46097801,49,26.67306137,4.456,0.539557259,1.107105861,514.0573068,670,15.36692386,1.948303083,40.04142321,30.11086133,80.0985963,19.38640604,50,0.405391706,90.05799866,9.942000389,Low
57,Finland,2016,FIN,100,35856.28545,59.04525435,1.3,4094.894775,1.57,31.1402214,8.318004232,46720.56375,45480,87.70364996,0.005530602,100.0000022,100,100,99.44700461,12.6,7131.362911,9.376000404,90.62400055,High
56,Fiji,2016,FJI,96.67555237,4564.770971,53.5697437,10.1,179.9115906,2.797,1.413573376,8.503219284,4449.306188,5360,46.50697831,0.103232734,93.7446242,88.7010264,97.83218939,95.32935799,37.5,113.4801851,50.10800171,49.89199829,Medium
58,France,2016,FRA,100,31055.08234,60.07595356,6,4256.961426,1.93,42.80350858,60.31768987,42054.53126,38990,79.26981132,0.014834282,100.0000015,100,100,98.59013092,12.9,6674.44733,8.423000336,91.57700348,High
108,"Micronesia, Fed. Sts.",2016,FSM,78.45517731,..,56.1318015,18.5,397.1534729,3.145,2.875289207,6.245066461,2710.082069,3410,33.35216255,0.275605335,78.56647902,..,..,..,38.2,154.2439777,..,..,Medium
59,Gabon,2016,GAB,91.05812836,4987.601308,67.20863011,49.9,219.9850922,4.039,0.747955672,0.943585575,9419.856712,7080,48.05227375,1.095333321,85.62704687,55.05480828,89.57669523,48.65327072,62.5,22.41177604,40.4109993,59.5890007,Low
173,United Kingdom,2016,GBR,100,34430.33556,55.63735853,7.7,3945.009033,1.79,38.38070604,49.22233788,42510.16106,42990,94.77580063,0.013098866,100,100,100,99.03639669,11.8,8698.545397,10.85200024,89.14800262,High
61,Georgia,2016,GEO,100,3254.496728,50.9402828,2.7,308.4629517,2.059,17.21206839,20.92993313,4302.751967,4080,58.45928961,0.053827385,98.17054967,95.70959998,99.96456918,95.15806545,23.6,406.7063626,51.10699844,48.89300156,Medium
63,Ghana,2016,GHA,79.3,1313.466412,69.64505627,47.5,67.50886536,3.984,0.304038225,0.882980428,1643.448744,1830,34.66600065,1.25968423,80.43577313,66.7902298,91.71405096,23.1060847,66.9,96.93860104,83.40000153,16.60000038,Low
67,Guinea,2016,GIN,33.5,564.3796016,90.60058367,55.7,37.45933914,4.854,0.00937093,0,809.9709354,780,9.8,3.143498455,62.10819007,49.23730614,85.53421803,33.01481021,74.4,0.937092072,96.96399689,3.036000013,Low
60,"Gambia, The",2016,GMB,54.74732208,466.8052517,89.00890633,54.8,20.91217232,5.338,0.174488725,1.766709971,747.0027351,620,18.5,3.286805334,77.82723767,63.36870053,87.49924519,45.48860678,75.7,8.840749714,84.73200226,15.26799965,Low
68,Guinea-Bissau,2016,GNB,23.19525909,556.5555672,82.86975622,62.1,52.18204117,4.631,0.049707199,0,594.9783587,650,3.761413832,3.277432033,66.508234,53.48166199,84.10863696,36.94176651,68.1,1.683088939,85.71900177,14.28100014,Low
51,Equatorial Guinea,2016,GNQ,66.88643646,4877.51097,66.54614979,53.4,290.3440247,4.686,0.278312678,0.904310473,12346.25956,8260,23.77999997,1.5279493,64.42551872,30.77536932,78.07800598,69.89879365,64,5.760468211,91.65399933,8.345999718,Low
64,Greece,2016,GRC,100,15012.87441,55.00326305,10.9,1499.35083,1.38,34.0552614,48.99537785,22666.28623,18890,69.08791547,0.003932806,99.99999782,100,100,99.2097985,13.9,1411.844928,29.4470005,70.5530014,High
65,Grenada,2016,GRD,93.65990448,..,48.89068935,11.9,463.6931763,2.104,18.88337672,24.2841984,8449.307769,8350,55.85640782,0.058087644,95.62865044,..,..,..,34,281.151087,..,..,Medium
66,Guatemala,2016,GTM,91.92584229,3494.706279,67.37000913,25.1,248.8022003,2.973,3.05130363,14.80291111,3100.829958,3800,34.50932609,0.320602352,93.72089205,89.66381373,97.72652989,79.37134783,36.5,36.18150088,47.38299942,52.61700058,Medium
69,Guyana,2016,GUY,89.60477448,3788.992968,53.6907122,20,232.9405975,2.509,7.41578598,18.35634872,3793.305755,4210,35.66,0.451284442,95.53635141,93.9284905,100,91.51075875,37.9,31.11363477,33.37599945,66.62400055,Low
71,Honduras,2016,HND,91.6,2015.527168,59.84898239,14,194.6328888,2.536,2.377207133,4.777680879,2111.193164,2120,29.5,0.183041318,94.28603174,88.089896,99.19149554,84.81018499,31.4,30.31023769,54.06900024,45.93099976,High
41,Croatia,2016,HRV,100,9895.40733,51.62353288,2.3,840.9050293,1.42,24.80146614,34.12004746,14705.59203,12390,72.69726967,0.009777822,99.58675456,99.60555556,99.57222222,97.82970395,27.1,1724.580288,10.54899979,89.4509964,High
70,Haiti,2016,HTI,40.4,690.3305548,63.21799932,30.3,59.09425735,3.041,0.012435459,0.05250937,729.8559997,780,12.23260161,1.542444699,65.0230173,42.52715145,84.65739669,42.74331145,58.2,4.520307713,82.44200134,17.55800056,Low
72,Hungary,2016,HUN,100,10357.7211,47.87072085,1.8,914.5585938,1.53,28.85809714,31.98752176,15114.42909,13050,79.25941213,0.016273897,99.97080746,99.9000974,100,97.75510204,26.6,4125.932862,8.19299984,91.80699921,High
75,Indonesia,2016,IDN,97.62,2806.658678,48.7144076,20.7,111.3138351,2.362,1.998572155,4.111125853,3968.055911,3400,25.4473537,0.440175094,88.65653398,81.07134209,95.12085087,79.16165629,36.8,306.2233068,58.09799957,41.90200043,Medium
74,India,2016,IND,89.64585876,1504.456703,50.88813704,26,60.6183815,2.266,1.408310236,1.842482612,1874.228561,1690,22,0.36466998,91.85927535,89.94638264,95.71123976,70.63888646,57.3,38.29568349,79.13999939,20.86000061,Medium
78,Ireland,2016,IRL,100,37043.51184,53.61673274,5.1,4721.105469,1.81,28.96652504,40.8396988,67077.74361,52860,85.01113212,0.011352643,97.38347739,98.05618438,96.98392322,89.36827271,12.5,11743.44184,8.517000198,91.48300171,High
76,"Iran, Islamic Rep.",2016,IRN,100,4077.744551,42.74991461,7.9,454.1855469,2.083,9.562818677,38.7980937,6794.293215,5520,53.22677167,0.037915801,95.20149447,89.01395519,97.38907954,91.7399848,28.2,64.12446551,44.77500153,55.22499847,High
77,Iraq,2016,IRQ,99.98625183,3733.833829,73.16668436,16.8,149.5103455,3.864,..,5.547568805,5930.948815,5630,21.23,0.319300416,95.61297327,88.80943996,98.51574245,95.26117598,24.1,4.151799401,15.96899986,84.03099823,Medium
73,Iceland,2016,ISL,100,50188.99162,52.00382458,4.4,5063.605957,1.74,38.53723292,49.53733527,50188.49842,55120,98.2400163,0.008098624,99.99999885,100,100,98.7012987,12.4,35663.71233,7.856999874,92.14299774,High
79,Israel,2016,ISR,100,32130.89535,65.01357027,10,2856.178955,3.11,27.84565516,41.19162879,33720.7645,36360,79.65312418,0.010853931,99.99999925,100,100,100,13.4,2119.588111,8.572999954,91.42700195,High
80,Italy,2016,ITA,100,25361.60232,55.85919804,4.9,2736.262695,1.34,25.65528181,33.40941423,34454.51392,31940,61.32425277,0.002177243,99.44249434,99.38459302,99.46748089,98.82847604,13.3,1305.100864,18.07999992,81.91999817,High
81,Jamaica,2016,JAM,98.48193359,4234.580212,49.04146358,11.2,280.1780701,2.009,9.843247417,10.67404712,4761.940167,4600,44.36685637,0.166932378,90.61791998,84.61291096,95.51168952,85.52851547,27.7,121.8069546,32.98300171,67.01699829,High
83,Jordan,2016,JOR,100,3650.808796,64.59117175,10.7,297.096344,2.954,3.111943687,4.229641022,3271.0882,3930,62.30219257,0.144812194,98.97105489,97.73963551,99.10023258,97.5429218,31.1,70.04159675,3.355000019,96.64499664,Medium
82,Japan,2016,JPN,100,31513.02521,65.30613188,12.7,4174.904297,1.44,31.15573635,50.19470033,47444.14356,37880,93.18272128,0.006098915,98.97,..,..,..,13.2,2109.539994,9.145999908,90.85399628,High
84,Kazakhstan,2016,KAZ,100,5697.667748,52.03559949,4.5,262.1387329,2.73,13.17880684,22.04655839,10582.70087,8800,74.58772647,0.030953084,95.04380828,91.03259261,98.0373744,97.0078634,29.3,264.1893599,24.56200027,75.43800354,Medium
85,Kenya,2016,KEN,65.4,1219.794152,75.6799224,63.3,73.39691925,3.663,0.270535882,0.148417377,1129.713196,1360,16.6,1.362635945,58.28035419,48.89670849,84.84248495,34.76953417,41.1,19.20423286,60.60599899,39.39400101,Low
90,Kyrgyz Republic,2016,KGZ,99.99534607,862.8972192,56.92994437,9.6,73.35588074,3.1,3.965424993,6.291212364,1042.280328,1110,37,0.222592501,87.42695568,81.97940601,97.13506378,91.79413636,38.3,42.27321326,33.09199905,66.90799713,Medium
28,Cambodia,2016,KHM,76.8398819,1055.781914,55.39281195,25.6,77.6736908,2.559,0.619302243,1.441435944,1079.630539,1140,32.39845171,0.488032498,76.94537425,71.38789538,95.99812016,94.42601124,54.4,20.48674346,58.375,41.625,Medium
86,Kiribati,2016,KIR,93.73774719,2944.213349,62.88232995,28.7,145.360321,3.651,0.058654154,0.77405709,1772.932796,3190,13.7,0.350118875,70.34607127,..,..,..,39.1,26.66097899,..,..,Low
88,"Korea, Rep.",2016,KOR,100,22420.54385,36.67900184,10.1,2040.405273,1.172,40.31833895,54.98960182,25484.03759,27690,92.84302568,0.012549583,99.67540217,..,..,..,12.3,720.6067037,22.74699974,77.25299835,High
89,Kuwait,2016,KWT,100,26409.94033,30.78583091,14.8,1072.733032,2.082,2.562375612,13.47613963,35887.1002,36880,78.36738376,0.023837063,100,..,..,..,25.3,398.0415849,0.597000003,99.40299988,Medium
91,Lao PDR,2016,LAO,90.81182098,1752.796771,59.02772083,31.4,55.21358871,2.751,0.356800314,18.50180387,1621.738558,2120,21.87,0.605506893,79.94190199,73.34535702,92.89878592,93.61408145,43.8,8.326217096,88.04399872,11.95600033,Low
93,Lebanon,2016,LBN,100,6134.641408,50.40615204,3.6,667.2995605,2.104,..,27.05072963,6330.423607,7250,76.11,0.06192644,92.6,..,..,..,25,88.21179055,16.1079998,83.89199829,High
95,Liberia,2016,LBR,19.8,363.9288892,81.8170575,58.5,69.57575226,4.461,0.174414029,0.174414029,548.2681436,620,7.319106411,3.13199191,72.44900137,61.38917182,83.39702979,27.77997168,68.6,2.180174885,91.1230011,8.876999855,Low
96,Libya,2016,LBY,71.69437408,3723.958358,49.25657527,8,..,2.317,2.60190673,21.17026655,5669.733946,4550,20.27215956,0.177744564,98.52894737,..,..,..,28.8,142.6334886,4.859000206,95.14099884,Medium
153,St. Lucia,2016,LCA,98.06130219,7340.667367,40.33895134,9.7,492.8954468,1.461,16.5455717,19.74458961,8288.947946,8490,46.72907806,0.173647116,98.16222649,98.2403,97.8196,77.79603573,35.3,183.3088921,30.12700081,69.8730011,High
152,Sri Lanka,2016,LKA,95.75769043,3476.69897,52.35363115,7.5,153.0967865,2.211,4.244216462,11.79668821,3769.159089,3810,16.4,0.079310411,88.83598462,87.0393216,96.85125389,93.74618129,25.6,71.0748479,44.40000153,55.59999847,High
94,Lesotho,2016,LSO,31.87130165,1043.114869,61.45756819,59.3,84.16246033,3.197,0.107468326,1.983489395,1451.178913,1320,27.36,1.802205188,68.62891179,59.49388859,92.93469599,41.31493962,50.4,8.674694615,19.8220005,80.1780014,Low
97,Lithuania,2016,LTU,100,..,50.62585042,3.6,988.5279541,1.69,29.68486173,18.37205496,15939.93467,14870,74.37664556,0.01346699,97.07374359,91.73991635,99.65760411,97.06451299,25.5,4377.611148,9.527000427,90.47299957,Medium
98,Luxembourg,2016,LUX,100,56279.72107,43.43445794,4.9,5595.554199,1.41,35.06173351,47.71572202,110162.1208,68670,98.13669867,0.00829593,99.90687142,99.02380952,100,97.48433664,12.6,11473.9508,8.697999954,91.30200195,High
92,Latvia,2016,LVA,100,11021.38714,53.62977296,2.7,874.2036133,1.74,26.29605129,18.38354102,14730.66697,14600,79.84209778,0.04263954,98.57478637,98.03200903,98.82996902,96.05245132,26.1,2938.449236,9.881999969,90.11799622,Medium
112,Morocco,2016,MAR,99.96437073,2514.144076,51.93216407,14,153.4549103,2.489,3.574041694,5.89351569,3212.815395,2880,58.27123642,0.185406178,86.63644194,70.72863688,96.654003,94.35506608,34,24.45461372,63.64799881,36.35200119,High
109,Moldova,2016,MDA,100,1926.579726,35.50400612,4.2,171.1941071,1.259,13.70884816,28.80679802,2461.052676,2510,70.99999911,0.027174653,88.68506143,82.61918769,96.88813773,86.0855916,26.3,521.4031488,32.98600006,67.01399994,Medium
99,Madagascar,2016,MDG,22.9,358.1402801,79.12440343,46.2,24.47072411,4.184,0.10598782,0.596861861,475.7454692,470,4.713662899,1.589389662,53.18464963,35.55066369,84.73068175,17.22731474,48.8,3.052897883,91.86799622,8.131999969,Low
102,Maldives,2016,MDV,99.96797943,7382.518121,32.63405994,8,1052.516113,1.947,6.163672,4.445103383,7631.471877,8070,59.09258997,0.125220073,99.23921181,99.85330875,98.27685084,99.1348876,39,212.4021846,35.01800156,64.98200226,High
107,Mexico,2016,MEX,99.5,6872.084213,51.92537445,9.8,474.6098938,2.186,12.91132337,16.88113443,10205.79575,9400,59.540446,0.079424994,98.88367938,95.43774628,99.76806092,92.74917641,28.2,119.6594181,32.58000183,67.41999817,High
122,North Macedonia,2016,MKD,100,3992.884543,42.12033288,1.9,327.4185181,1.506,18.33628661,17.70377216,5247.250784,4980,72.15681447,0.012269166,93.15266666,96.63789222,90.58326412,99.9997092,25.1,466.6597781,19.83099937,80.16899872,High
103,Mali,2016,MLI,39.7546196,590.2129288,101.5171021,60.6,29.39470673,6.057,0.119362489,1.117768151,747.0916565,780,11.11218649,3.707661292,76.58434968,66.46226865,91.28163143,52.01060399,83.4,3.172760305,89.10900116,10.89099979,Low
104,Malta,2016,MLT,100,..,50.57288825,6.4,2328.236328,1.37,39.27176752,53.74217204,26645.85741,23590,78.0751488,0.0095468,99.99999822,100,100,99.95647482,13.3,3234.831648,6.150000095,93.84999847,High
114,Myanmar,2016,MMR,55.6,1089.92518,48.55047753,23.6,58.19331741,2.182,0.169074673,0.969710719,1403.767118,1200,25.07330424,0.532319253,80.84426367,75.8609365,92.42675193,76.38364622,52.9,20.49194776,63.63000107,36.36999893,Low
111,Montenegro,2016,MNE,100,6240.380466,48.09344874,1.4,..,1.73,18.30935619,23.59692251,7492.863436,7090,69.88164684,0.010229795,97.05335595,99.27843664,95.91428571,99.73706642,26.9,139.8032791,15.63099957,84.3690033,High
110,Mongolia,2016,MNG,84.32501221,2561.825802,50.0470069,9.7,163.4577332,2.923,7.399216847,7.371078837,3866.243973,3500,22.2657705,0.144637541,82.80057761,54.68999232,95.84932354,66.32877723,30.3,437.4486112,45.53300095,54.46699905,Medium
113,Mozambique,2016,MOZ,26.11211967,306.3724106,92.73513753,65.3,19.45346451,4.992,0.167441983,0.296159481,584.2111079,530,17.52123909,1.574026967,53.44393425,37.73902123,82.7052753,51.06813409,60.2,5.677338458,94.33699799,5.663000107,Low
105,Mauritania,2016,MRT,41.35232162,728.6442301,77.09321105,53.4,44.89452744,4.679,0.267585246,1.277544816,1322.238137,1150,18,3.689926241,68.83201784,48.2931894,87.81982103,71.61268252,67.9,3.362528083,69.43499756,30.56500053,Low
106,Mauritius,2016,MUS,97.97086334,7937.757818,41.53230052,6.5,553.0965576,1.4,16.84807804,30.86701034,9833.613132,10640,52.19132594,0.094394853,99.86639665,99.82768234,99.92231522,95.96853657,39.1,321.3365066,15.20899963,84.79100037,Medium
100,Malawi,2016,MWI,11,212.3253644,89.86509377,59.7,29.42624474,4.407,0.050519431,0.065293982,506.2496613,340,11.47,1.749094497,67.91184011,64.36486683,85.85385986,33.93290037,59.2,5.230949623,66.50900269,33.49100113,Low
101,Malaysia,2016,MYS,100,7530.937404,44.75839865,17.5,361.5219727,2.037,8.860455132,15.76423185,11243.99591,10150,78.78830993,0.063652659,96.72461587,89.63523626,99.10794929,99.86251011,30.8,945.6472331,26.54100037,73.45899963,High
115,Namibia,2016,NAM,50.90645599,4059.66666,68.2832905,49.3,414.4676819,3.496,2.728659855,7.966475604,6365.499832,4980,31.03334594,0.761841697,82.21805725,69.05423341,96.50116833,51.89228093,47.1,78.45495477,35.32099915,64.67900085,Low
120,Niger,2016,NER,18.89648247,293.1603863,111.6027273,62.7,22.68334007,7.087,0.03707285,0.773724388,389.9855591,370,4.32275803,3.947401943,49.50156237,42.62156027,84.85606151,42.82032011,77.3,0.240513683,97.74900055,2.250999928,Low
121,Nigeria,2016,NGA,59.3,1840.099129,88.15400476,62.7,79.36221313,5.526,0.058039826,0.083089266,2456.306188,2470,25.67,4.96568115,70.02552775,54.35264061,86.54639876,46.65399371,68.3,47.39721608,87.0490036,12.95100021,Low
119,Nicaragua,2016,NIC,85.21810913,1770.903577,55.73454562,10.9,188.4623718,2.455,2.808133409,5.815950383,1895.200159,2000,24.57183396,0.268941433,81.50474058,59.25142625,97.55976449,83.67279488,29.2,34.5813609,50.05799866,49.94200134,High
117,Netherlands,2016,NLD,100,37565.62864,53.72334894,5.2,4753.376953,1.66,42.53368191,39.8909506,52727.10248,46900,90.4109589,0.009194423,99.99999928,100,100,97.5,12.5,24130.79407,13.22200012,86.77799988,High
123,Norway,2016,NOR,100,58732.79454,52.42981178,7.3,7496.768555,1.71,40.12560396,15.37175471,90195.96368,81810,97.29820367,0.004419631,99.99999652,100,100,98,12.1,7003.508823,4.539999962,95.45999908,High
116,Nepal,2016,NPL,90.7,726.0136168,61.09040443,25,45.45298004,2.027,0.822288228,3.147941787,729.66143,770,19.68876384,0.473845878,88.34640596,88.10736003,89.36934109,64.93630352,42.7,18.63459003,89.94999695,10.05000019,Medium
118,New Zealand,2016,NZL,100,33154.32781,53.39707992,4.6,3745.216309,1.87,32.84852868,37.77419829,37319.28612,39410,88.47018635,0.018237049,99.99999869,100,100,100,13,6430.154266,14.34599972,85.65399933,High
124,Oman,2016,OMN,100,10187.28897,31.92021559,10.5,645.1182251,2.937,6.354835519,9.432849789,16692.256,16100,76.84539047,0.064319585,91.75999743,77.9,94.7,100,38.4,127.9240868,4.369999886,95.62999725,High
125,Pakistan,2016,PAK,71.41359711,1371.475045,66.70480306,34.9,41.0112114,3.612,0.806754449,1.524527021,1117.517555,1420,12.38544676,0.56488114,91.1401418,89.35906865,94.27454357,76.17757496,58.8,31.66569761,76.02100372,23.97900009,Low
126,Panama,2016,PAN,96.81897736,11850.0243,54.63045491,15.6,1040.400879,2.514,10.64955891,16.17050748,11108.5907,12390,54,0.143682263,95.97945203,91.69140512,98.08889267,91.43779786,28.7,510.2700518,33.33100128,66.66899872,High
129,Peru,2016,PER,94.2,5078.820324,53.04037657,20.3,309.9621887,2.297,6.857530252,9.941346501,6262.368905,6110,45.46174069,0.218255796,90.58556948,74.15546585,95.34493984,79.43953623,31.9,72.52789495,60.41500092,39.58499908,High
130,Philippines,2016,PHL,92.31915283,3249.304789,57.93943796,25.2,130.0459595,2.718,2.879936428,3.648295178,2743.198363,3570,55.5,0.35384476,93.07371231,89.31758965,97.39961819,77.99708146,17.5,40.5348333,42.14500046,57.85499954,Medium
127,Papua New Guinea,2016,PNG,49.4,1730.243775,66.04975013,36.1,59.84069824,3.657,0.205518486,1.861755694,2448.861248,2700,9.601538462,0.553796019,40.73221696,34.00456779,85.55743716,48.66761587,48.4,14.8698705,88.18199921,11.81799984,Low
131,Poland,2016,POL,100,10418.9751,45.18606812,5,813.4727783,1.39,19.28946685,21.43540983,15101.56195,12710,73.3007041,0.003477065,99.38384893,98.84516129,99.74032258,98.24067572,26.3,2492.488363,16.82099915,83.17900085,High
87,"Korea, Dem. People's Rep.",2016,PRK,41.71841049,..,43.61667421,9.5,..,1.917,..,4.662619013,..,..,..,0.162712971,94.86210128,90.90113254,97.34477063,89.04658957,31.3,0,94.41200256,5.587999821,Medium
132,Portugal,2016,PRT,100,16113.1282,53.93722886,10.2,1802.774292,1.36,32.69172996,46.36733699,22533.63229,19930,70.42356709,0.010469855,99.90618404,99.73877609,100,99.44502978,13.5,3180.296611,13.39299965,86.60700226,High
128,Paraguay,2016,PRY,98.4,4383.639178,56.45071306,13.7,360.5451965,2.479,3.639195311,5.170575662,5089.61202,5390,53.40412748,0.358410342,98.56574807,97.01580434,99.55561316,93.65752154,25.7,61.67127382,45.22000122,54.77999878,Medium
133,Qatar,2016,QAT,100,45066.49774,17.10662967,5.2,1800.474365,1.907,9.558487237,17.59917781,64303.18636,64010,95.12466217,0.020392763,99.62980166,..,..,..,26.3,362.7974053,0.38499999,99.61499786,High
134,Romania,2016,ROU,100,7593.084593,48.91079728,4.2,476.2435608,1.69,22.47896512,20.76147115,10236.86217,9530,59.50395129,0.030217846,100,100,100,95.11437176,26.8,3421.473154,24.99500084,75.00499725,High
135,Russian Federation,2016,RUS,100,7010.879684,45.29578773,4.8,469.1309204,1.762,18.94519321,22.21753909,11298.48374,9750,73.09143462,0.032981337,96.96095058,92.13532274,98.64202117,94.69589703,25.7,1163.947701,6.359000206,93.64099884,Medium
136,Rwanda,2016,RWA,29.37,567.049081,75.71494011,42.4,48.09704208,4.123,0.186145531,0.114861588,754.2357159,720,20,1.131759903,56.9816187,51.93117927,81.54211067,52.65249937,36.2,12.76907395,78.20899963,21.79100037,Medium
139,Saudi Arabia,2016,SAU,100,16358.02942,40.11687516,10.6,1166.081299,2.435,19.71905451,13.06511605,21270.46772,21610,74.87927469,0.043625288,99.86361215,..,..,..,37.8,106.0951641,1.358999968,98.64099884,Medium
155,Sudan,2016,SDN,52.87844467,1942.133874,80.75871552,35.2,165.9369965,4.532,0.06619246,0.342486251,1911.025651,2130,14.09999994,1.41229885,60.21588504,53.19902707,73.76365956,60.14022363,57.2,1.262871576,66.40499878,33.59500122,Low
140,Senegal,2016,SEN,64.5,1074.601014,86.71606733,45.7,52.60420609,4.77,0.655970089,1.90704397,1430.362395,1270,25.66476804,1.627665839,79.46231534,68.52359879,92.15137774,64.95361319,67.9,7.069717014,73.49299622,26.50699997,Low
144,Singapore,2016,SGP,100,44362.58023,28.30010596,22.7,2489.906006,1.2,28.15711098,35.3471767,54764.86476,52520,84.45226789,0.010204088,100,..,100,100,16.9,19060.74653,9.050000191,90.94999695,High
147,Solomon Islands,2016,SLB,58.63657379,1379.254077,78.49204268,22.2,106.3385925,4.452,0.264594681,1.195438446,1451.006365,1830,11.00090227,0.508769983,68.54479987,61.80406298,91.33889662,77.60587803,42.9,37.13049107,75.71600342,24.2840004,Medium
143,Sierra Leone,2016,SLE,20.3,354.1173926,80.59233822,57.9,86.30818939,4.457,..,0.2319605,457.8330917,490,11.77318438,5.001759358,59.56314329,48.51982657,75.30578861,25.31701683,77.3,1.500920064,94.9280014,5.072000027,Low
50,El Salvador,2016,SLV,96,3190.538061,55.71003994,10.8,293.7859192,2.079,6.219290535,14.80747051,3381.320343,3510,28.99707305,0.107071374,97.06385625,91.80662049,99.26358138,90.91727472,30.6,52.07560623,47.52500153,52.47499847,Medium
148,Somalia,2016,SOM,31.16604233,..,99.09315122,64.2,..,6.265,0.648543358,0.338370447,..,..,1.88,5.335751252,50.81510642,27.36359069,80.88631174,59.94588905,55.8,0.775433533,94.65899658,5.34100008,Low
141,Serbia,2016,SRB,100,4228.556737,50.151027,2.4,496.4156189,1.46,16.38766731,30.3188414,6394.460674,5690,67.05684137,0.017510472,85.5288502,88.37699149,83.27371454,99.49463648,26.4,551.6891975,26.45999908,73.54000092,High
150,South Sudan,2016,SSD,22.01080132,..,84.15082382,63.4,..,4.855,0.00138472,0,..,..,6.679728051,5.407140238,40.81390459,35.67463124,62.59309251,33.53325594,58,0.092314691,91.55200195,8.447999954,Low
138,Sao Tome and Principe,2016,STP,70.0741806,770.5880389,85.2688868,33.9,110.251152,4.426,0.701186358,2.820983432,1263.374506,1700,28,0.610424543,84.20084459,76.95269199,87.1481462,47.62429371,65.3,14.76181807,58.01100159,41.98899841,Medium
156,Suriname,2016,SUR,95.96812439,3271.132616,52.41291854,13.3,356.0515137,2.469,12.6072779,15.76064636,7912.618008,6760,45.4,0.308329313,94.51939812,87.46135623,98.14888177,89.405496,34.3,139.8507315,10.6960001,89.30400085,Medium
145,Slovak Republic,2016,SVK,100,12940.10615,42.46872248,4.8,1174.798584,1.48,24.55972553,15.13402326,19273.51203,16950,80.47585728,0.00846211,99.7875169,100,99.60509406,98.89492586,26.1,3240.776033,10.64599991,89.35399628,High
146,Slovenia,2016,SVN,100,16688.05651,49.83464106,5,1834.160767,1.58,28.41168445,35.13077268,24551.93404,21750,75.49850426,0.01149744,99.53438258,99.39710843,99.6512311,99.13232104,26.9,5630.87821,10.66300011,89.33699799,High
157,Sweden,2016,SWE,100,43722.9401,59.30803456,5.2,5707.058105,1.85,37.41119745,31.56062211,56776.29391,54430,89.65094761,0.008172208,99.99999628,100,100,99.24518362,12.3,6205.932933,6.118000031,93.88200378,High
54,Eswatini,2016,SWZ,69.7984848,2939.644809,74.31957274,53.7,193.782486,3.041,0.62836794,3.77020764,4662.820673,3660,28.57352278,1.40440732,68.94829243,60.41789146,96.78091815,50.89582469,42,26.03268988,41.56299973,58.43700027,Low
142,Seychelles,2016,SYC,100,11565.91232,44.1605506,11.9,784.5978394,2.39,14.66408944,21.76993,13598.33635,13830,56.51470815,0.128231297,96.24901256,..,..,..,35,30947.32617,..,..,Medium
159,Syrian Arab Republic,2016,SYR,89.72550201,..,57.50505392,5.1,..,2.889,5.780594112,19.83814446,..,..,31.86962727,0.094620411,97.05907506,94.86954537,99.01363505,91.85587206,34.9,6.302304472,16.45999908,83.54000092,Low
32,Chad,2016,TCD,10.11441898,570.0351117,100.3706984,63.4,34.61156845,5.947,0.035202031,0.091555496,868.2116954,730,5,7.038785321,38.85259078,29.62310679,70.32286755,30.35664353,73.3,0.343367304,98.91200256,1.088000059,Low
164,Togo,2016,TGO,47.37870026,468.0605972,80.93972163,51.7,38.77137375,4.449,0.649311826,0.450295881,648.7946319,610,11.31,1.811697494,64.02143935,47.29199785,88.46911719,28.39883093,71,3.462072727,89.1309967,10.86900043,Low
162,Thailand,2016,THA,100,4578.153438,40.15754648,15.8,225.3467102,1.537,10.46667116,6.823127089,5911.951214,5690,47.50496562,0.052834078,99.37380508,99.03191438,99.73760026,98.63029247,28.3,146.4811517,51.25899887,48.74100113,High
160,Tajikistan,2016,TJK,99.88729095,817.217852,64.17245312,23.2,55.74301147,3.618,0.069255443,5.40192454,976.1351753,1110,20.47,0.07376898,79.62584952,73.6563298,95.88835859,94.81166654,31.3,5.886712639,48.27799988,51.72200012,Medium
169,Turkmenistan,2016,TKM,100,..,53.81287999,17.2,423.0467224,2.887,0.070641823,11.74420313,6987.068177,6820,17.99032446,0.02448392,98.70372359,97.72062,99.65861,97.35537,28.1,1.94264877,26.6079998,73.39199829,Medium
163,Timor-Leste,2016,TLS,76.5,1131.892898,76.23385146,45.6,79.89393616,4.156,0.054293981,0.208728373,3072.41505,2370,25.24624959,0.645683614,76.65939151,67.49087624,98.20617,75.14233228,61.4,11.48211087,80.08699799,19.91300011,Medium
165,Tonga,2016,TON,97.02,3637.791173,72.72339117,11.7,206.609787,3.636,2.966390792,10.87676624,4016.865962,4300,39.95,0.19179611,99.90673707,99.947245,99.77279959,96.59960695,37.9,138.4315703,58.33200073,41.66799927,Medium
166,Trinidad and Tobago,2016,TTO,100,13632.26815,44.15576261,9,1092.945679,1.753,18.55302128,19.7586312,15696.90422,16720,73.29694122,0.123571631,98.18496206,..,..,..,32.1,299.0786635,15.73400021,84.26599884,Medium
167,Tunisia,2016,TUN,100,2844.954911,46.68752449,7.8,256.5018311,2.238,5.664102223,8.617602085,4314.953355,3760,49.59999484,0.106584857,95.99240298,87.98784256,99.69966222,95.29350413,28.8,92.44559378,17.91200066,82.08799744,High
168,Turkey,2016,TUR,100,9032.768953,50.09217627,4.4,468.6466675,2.092,13.15291498,13.87680626,14062.73379,11180,58.34773401,0.038059167,98.8808736,99.63028079,98.61939891,99.82244537,28,1301.086907,36.3030014,63.6969986,High
161,Tanzania,2016,TZA,32.8,801.6589953,88.93333,55.8,35.49967575,5.015,0.600336706,0.244295723,904.3818923,970,13,2.856217975,54.8475368,40.81080038,84.22383242,40.75838118,55.2,5.654958201,90.38500214,9.614999771,Low
170,Uganda,2016,UGA,26.7,416.51745,98.31523983,54.5,38.96722412,5.242,0.232325189,0.928753457,694.009088,660,21.87617046,2.133774399,47.66563132,39.72475578,74.8241032,26.3629738,51.1,3.934673722,85.40399933,14.59599972,Low
171,Ukraine,2016,UKR,100,1859.47216,45.62133998,4.1,141.9353485,1.466,12.03425849,19.84280445,2909.646215,2310,53,0.02880325,93.72407865,99.10874804,91.32226084,97.39260155,26,1905.46998,13.44299984,86.55699921,Medium
175,Uruguay,2016,URY,99.7,13343.48126,55.11834566,7.6,1400.705078,1.991,26.91712257,32.52114625,14124.14386,14980,66.4,0.036386855,99.32289176,94.38908422,99.57470382,96.41654217,23.1,309.8595498,24.45800018,75.54199982,High
174,United States,2016,USA,100,49478.66778,51.64616755,5.2,9941.347656,1.8205,32.72717192,37.56563201,52534.36528,57160,85.54442129,0.034195304,99.26370936,96.97277071,99.7713081,99.98915601,8.5,11435.11206,5.159999847,94.83999634,High
176,Uzbekistan,2016,UZB,100,1938.867371,48.21440821,10.3,135.4392853,2.455,8.734755262,10.85474215,2229.781706,2660,46.79128694,0.08116469,97.68127082,95.85820342,99.45754673,100,36.6,69.73772211,46.48099899,53.51900101,Medium
154,St. Vincent and the Grenadines,2016,VCT,99.90895081,6584.570439,48.56805473,13.4,305.752533,1.931,19.97551595,18.77415288,6686.644409,6800,20.68943522,0.133469608,95.1452199,..,..,..,32.9,191.8526572,21.06200027,78.93800354,Medium
178,"Venezuela, RB",2016,VEN,99.96759796,..,53.51737373,11.3,296.9389038,2.317,8.756720614,25.66195961,..,..,60,0.292389482,95.77836687,..,..,..,30,148.1261638,35.52000046,64.48000336,Medium
179,Vietnam,2016,VNM,100,1827.110556,42.57537234,11.5,122.8411713,2.03,9.716197135,5.978205651,1752.531946,2080,53,0.095921744,93.99012251,91.68448378,98.36555827,93.61424481,33.9,278.7094792,64.25700378,35.74300003,High
177,Vanuatu,2016,VUT,57.82,2533.654802,74.21757636,18.8,109.9450607,3.859,1.575827255,1.636546545,2806.439547,2850,24,0.310886034,90.66152379,87.79493794,99.23292519,49.73298597,28.3,165.2714404,75.88999939,24.11000061,Medium
137,Samoa,2016,WSM,99.78393555,3485.940268,76.19806715,12,227.1501312,3.976,1.114966458,4.975454288,3824.501891,4110,29.41173011,0.174042785,97.30364572,96.68422131,100,98.5081203,43,149.0734315,27.5909996,72.40899658,High
180,"Yemen, Rep.",2016,YEM,76.06681061,1272.615878,76.0248698,28.7,..,3.994,1.016699372,4.291147948,765.6041721,..,24.57920836,0.700948502,63.32203386,54.7044139,79.0521,87.85827458,83.5,1.435501272,68.31900024,31.68099976,Low
149,South Africa,2016,ZAF,84.2,4252.481244,52.28947458,39.6,428.296875,2.457,2.04735491,8.046681051,7476.621012,5470,54,0.313375078,92.27031216,79.82383736,98.8723329,76.00077975,36.8,917.6449631,12.33699989,87.66300201,Low
181,Zambia,2016,ZMB,35.21650696,972.1824246,91.97184156,60.6,56.54418182,4.814,0.194237673,0.619716199,1652.284458,1380,25.50657885,1.136339587,59.2385641,41.17602711,83.73820865,36.23562282,54.2,8.861181164,88.56300354,11.43700027,Low
182,Zimbabwe,2016,ZWE,39.89234543,1108.646033,83.57673693,54.6,98.57963562,3.804,1.217633426,2.178993496,1224.309922,1290,23.11998904,1.91110118,64.51161604,50.41691418,94.05915877,47.5874732,41.7,13.82712811,75.04100037,24.95899963,Low
